Restaurant Name,Count of Violations
MORRIS PARK BAKE SHOP,3
DJ REYNOLDS PUB AND RESTAURANT,2
THE COUNTRY CAFE,3
SHASHEMENE INT'L RESTAURANT,2
PLAZA BAGELS & DELI,2
POLISH NATIONAL HOME,3
THE NEW STARLING ATHLETIC CLUB OF THE BRONX,1
SHELL LANES,2
FORLINIS RESTAURANT,4
LA GRENOUILLE,1
SPAIN RESTAURANT & BAR,5
JOE ALLEN RESTAURANT,2
BARBETTA RESTAURANT,4
TIO PEPE,2
CARA MIA,2
RICHMOND COUNTY COUNTRY CLUB,4
LULU'S COFFEE SHOP,2
THE ASSEMBLY BAR,2
GRIFFIS FACULTY CLUB,3
MCDONALD'S,2
OYSTER BAR,4
COLONNADE DINER,2
MAGGIES PLACE,3
NEW PARKWAY RESTAURANT,5
ARMANDO'S PIZZA,2
THE RIVER CAFE,3
MCDONALD'S,3
JOHN MULLIGAN'S FIRESIDE PUB,3
BURGER KING,2
EAR INN,2
SMITH & WOLLENSKY,2
OLIVE TREE CAFE & COMEDY CELLAR,2
WEST BANK CAFE,3
YANKEE JZ PIZZA,3
SHUN LEE,7
TONY'S PIER RESTAURANT,3
PARIS BLUES,2
GENE'S RESTURANT,2
AMERICAN MUSEUM OF NATURAL HISTORY FOOD COURT,9
BROADWAY RESTAURANT,2
TERRA BLUES,4
E.A.T. CAFE,2
BARNEY GREENGRASS,2
BURRITO LOCO,2
DYKER BEACH GOLF (GRILL ROOM),2
LA FE RESTAURANT,2
LE BERNARDIN,3
PIZZA D'ORO,2
FRIEND OF A FARMER,4
WHITE CASTLE,3
J & R PIZZA,4
CHEZ JOSEPHINE,4
ARIRANG HIBACHI STEAK HOUSE,2
COUNTRY DONUTS,2
Q.B.COMM.COLLEGE-MAIN KITCHEN/TIGER BITES SECTION,4
CUBBYHOLE,2
ROSEBANK TAVERN,2
TRATTORIA DELLA ARTE,2
SOB's,2
CLASSIC COFFEE SHOP,1
TRONO DE MEXICO,2
CHO-SEN GARDEN,2
CAFE LUNA,2
SCOTTY'S DINER,5
DANIEL'S BAGEL,5
KABAB CAFE,2
LUKE'S BAR & GRILL,5
LAZZARAS PIZZA CAFE,5
SYBIL'S BAKERY,3
RICHER'S BAKERY & CAFE,6
BAY RIDGE MANOR CATERING,1
SUTTON CAFE RESTAURANT,3
SALVATORE AND LLOYD'S PIZZA,1
GABRIEL'S BAR & RESTAURANT,1
MOLLY'S,2
RINCON SALVADORENO RESTAURANT,4
BUDDY'S BURRITO & TACO BAR,3
GUN POST LANES SNACK BAR,3
TONY'S PIZZA II,4
NIAGARA/ LOVERS OF TODAY/ SISTER MIDNIGHT,3
GINO'S PIZZERIA RESTAURANT,1
FELIX,6
ROSA'S PIZZA & PASTA,2
CARMINE'S,2
DELMONICO GOURMET,4
SHARMEL CATERERS,3
WHITE CASTLE,3
MORTON'S THE STEAKHOUSE,2
WHITE CASTLE,2
OLYMPIA,3
CURRY IN A HURRY,3
CAFFEE EXPRESS,3
EL REY MEXICAN RESTAURANT,4
OLIVE GARDEN,4
FOLEY'S N.Y. PUB AND RESTAURANT,8
MICHAEL'S PASTRY SHOP,2
NOVITA,2
DOMINO'S,1
VIN ET FLEURS,6
LEGEND'S PUB,1
DOWNTOWN BAKERY II MEXICAN FOOD,4
BROADWAY DIVE,2
EL NUEVO IZALCO RESTAURANT,4
FRIARS NATIONAL ASSOC.,3
HARMONIE CLUB,1
O.B'S BAKERY,3
BOOTH THEATER,2
SHUBERT THEATER,1
IMPERIAL THEATRE,2
MARQUIS THEATER,2
BROOKS ATKINSON THEATER,1
LA ISLA RESTAURANT,2
TAJIN RESTAURANT,3
VINCENT'S PIZZERIA,3
BELLA BLU,1
BARJER CORP,4
LOS ANGELES BAKERY,3
B66 CLUB,2
SKYLIGHT DINER,3
FREDDIE & PEPPER'S PIZZA,2
TIRAMISU RESTAURANT,2
PARK BILLIARDS,4
CLUB MACANUDO (CIGAR BAR),3
THE BAGEL HOUSE,2
BROOKLYN MOON CAFE,5
CHIU HONG BAKERY,1
ANTONIO'S PIZZA,1
OLIVE TREE,9
BOWLER LAND,2
BOB'S STEAK & CHOP HOUSE,3
METROPOLITAN FOOD CAFE OF BROOKLYN COLLEGE,3
ROMA VIEW CATERING,2
GOODY'S BBQ,2
CATCH 22,2
TOWN HALL THEATRE,2
CARAVAN CHICKEN,1
FACES & NAMES,3
TAVERN ON JANE,3
BALTHAZAR BAKERY,2
FAMOUS JOE'S PIZZA,2
FELICE 64 WINE BAR,2
EGYPTIAN COFFEE SHOP,4
DON COQUI,8
COSTELLO'S CLADDAGH INN,3
THINK SWEET CAFE,4
KNAPP ST PIZZA,2
STARBUCKS,1
EMPORIUM BRASIL RESTAURANT,1
B & Co.,3
SALTY DOG RESTAURANT,2
STROMBOLI PIZZA,4
BIG ALS CHICAGO PIZZA,1
ALADDIN,3
STARBUCKS,3
CITY ISLAND DINER /SNUG BAR,4
LATERNA TAVERNA,2
BISTRO LES AMIS,2
STRAUSS BAKERY,4
JOE'S OF AVE U,3
MEHAK,5
BILLY'S SPORT BAR RESTAURANT & LOUNGE,2
TAQUERIA RESTAURANTE MI BARRIO,4
THE LOWELL,2
SPIRIT OF NEW YORK,2
PARMA RESTAURANT,3
KENT THEATRE,5
BATEAUX NEW YORK,2
SNACKS-N-WHEELS/GREYHOUND FOOD SERVICE,1
MICHAEL'S BAGELS,2
CIRCA TABAC,2
AYURVEDA CAFE,2
TACOS MEXICO,6
AMARANTH,2
ALI'S ROTI SHOP,2
THOMASINA'S CATERING HALL,2
SAMMY'S FISHBOX,1
NICK GARDEN COFFEE SHOP,2
GIGINO AT WAGNER PARK,2
BAHARI ESTIATORIO,2
GHANDI CAFE,3
HARBOR PIZZA,1
WEST CUISINE-ENCHANTMENT BY MARIA,2
SHEEPSHEAD BAY YACHT CLUB BAR,2
WINDFALL,2
FAMILY CORNER,6
PAHAL ZAN RESTAURANT,2
RUE 57,4
HOUSING WORKS FOOD,3
JULIUS,4
HERO CHAMP,2
BAR COASTAL,4
ORIGINAL VEGETARIAN RESTAURANT,3
EL POLLO PERUANO,4
BARBARESCO,2
ANGRY WADES,3
JUICY LUCY'S,1
THE BRAZEN HEAD,2
EL RANCHITO DE DAISY,3
BROOKDALE,4
GRINI'S GRILL & RESTAURANT,3
RICHMOND COUNTY COUNTRY CLUB - POOL SNACK BAR,1
THE LOEB BOATHOUSE CENTRAL PARK,4
MAX SOHA,2
CARVEL ICE CREAM,2
KNIGHTS OF COLUMBUS HOUSE,2
THE PATIO GRILL,2
ROSARIO DELI,5
Donburi-ya,0
LIN HOME CHINESE RESTAURANT,2
AZALEA,2
COFFEE EXPRESS,2
STARBUCKS COFFEE,2
LORENZOS BAR & GRILL (HILTON GARDEN),2
MCCANN'S PUB,3
NOSH EXPRESS,2
TIMES DELI & CAFE,3
CEVABDZINICA SARAJEVO,4
FINESTRA,1
ELMO,3
NUMERO 28 PIZZERIA,2
TONY'S PIZZERIA & RESTAURANT,5
KITCHENETTE UPTOWN,5
SUBWAY,3
JOYCE'S WEST INDIES RESTAURANT,3
ALMA,6
LAMARCA PASTA RESTAURANT,2
J.E. BAKERY,2
FRANK'S PIZZERIA/DA FRANCO AND TONY RESTAURANT,2
TSQ BRASSERIE,3
TAL BAGELS,1
BELLEROSE FAMOUS PIZZA,5
CRISPO,3
TRAILER PARK LOUNGE,6
TREADWELL PARK/SUGAR EAST,3
HALE & HEARTY SOUP,1
DUNKIN' DONUTS,1
DOS CAMINOS,1
GATSBY'S,6
WHITE BEAR,4
EUROPA CAFE,3
FINANCIER PATISSERIE,2
ESTRELLA BAR & RESTAURANT,0
PIE,2
LARRY FLYNT'S HUSTLER CLUB,1
MAX  CAFFE,3
SUPERFINE,2
KAM TUNG RESTAURANT,2
ROCK CENTER CAFE,6
BAGELICIOUS,4
FULTON AVE CAFE,3
STARBUCKS,3
STARBUCKS,1
EMACK & BOLIO'S,1
AGNANTI RESTAURANT,5
IMMACULEE BAKERY,1
METROPOLITAN MUSEUM OF ART,0
MESON SEVILLA RESTAURANT,5
ATERES AVROHOM,3
MOONSTRUCK,3
LOS CUENCANITOS,5
PICO RICO,4
MERRION SQUARE,4
THE PIZZA PLACE,2
CHIKALICIOUS DESSERT BAR,3
CLEARVIEW PARK (GOLF COURSE),2
VESUVIOS PIZZA,2
JERUSALEM II PIZZA,2
BRIGHT STAR CHINESE FOOD,3
SANT AMBROEUS,1
KNAPP PIZZA III,2
CAFE 28,4
MANGIA,2
EL GUANACO RESTAURANT & PUPUSERIA,3
MR WASABI,3
PYLOS,3
SUNSET RIDGE DELI,6
WOODHAVEN HOUSE,4
GALANGA THAI COOKING,3
LINKS CLUB,1
STARBUCKS,1
PER SE,1
LIMAN RESTAURANT,2
GOLDEN KRUST CARIBBEAN BAKERY & GRILL,5
SATGURU SWEETS & CATERING,4
EUROPAN CAFE,1
EL PANADERO BAKERY,2
TROPICAL II RESTAURANT,12
GEN RESTAURANT,1
GRILL POINT,2
CUCINA FRESCA,2
MAISON MAY,3
SUBWAY,1
MEZE,3
LOBO,5
FRANKIE'S COCKTAIL LOUNGE,1
GLATT ALA CARTE,2
BELLE HARBOR STEAKHOUSE,2
CUBA,2
D-LITE CAFFE,2
PRET A MANGER,1
CENTRE PIZZA,2
MCDONALD'S,3
CARVEL ICE CREAM,2
HEARTLAND BREWERY,4
THE BROTHERS CAFE,4
TRINI ROTI HOUSE AND BAKERY,4
LAND THAI KITCHEN,5
ISOHAMA,3
SOUTH FIN GRILL/THE VANDERBILT,2
PORTOFINO RESTAURANT,2
CARVEL ICE CREAM,1
GEORGE'S,2
LE FOND,1
MCDONALD'S,3
BROTHERS RAVIOLI,5
STARBUCKS,1
EL VALLE RESTAURANT,7
NEW MEXICO PLACE,3
MBJ FOOD SERVICE,2
YIP'S RESTAURANT/JUICE VITALITY,3
FAMOUS ORIGINAL RAY'S PIZZA,4
REMI,5
FRIENDLY GOURMET PIZZA,3
J AND B PIZZERIA,1
BURGER HUT,5
EL PILON BAKERY,2
LE PAIN QUOTIDIEN,2
DEJA VU LOUNGE & BAR,2
THE POUR HOUSE,4
BLUESPOON COFFEE,3
EVERYTHING GOES BOOK CAFE,1
GLACKEN'S BAR,3
WAH FUNG 1 FAST FOOD,2
DOKEBI GRILL,2
VINNY'S PIZZA,2
BOBBY VAN'S STEAKHOUSE,6
BURGER KING,2
BLENHEIM,3
SUBWAY,3
LUIGIS GRILL PIZZA,5
LITTLE ITALY M & O PIZZA RESTAURANT,2
TELEON CAFE,2
NICK'S GOURMET DELI,4
MORIMOTO NY,3
CAPIZZI,3
APPLEBEE'S,2
PEE DEE,2
MIRIAM,5
LUCKY THAILAND KITCHEN,4
U & I RESTAURANT,2
DUNKIN',4
DUNKIN',2
BOUCHON BAKERY,3
G'S CANDY STORE COFFEE SHOP,2
MORGAN LIBRARY,3
CAFE Y ALGO MAS,2
LAS CAMELIAS BAR & RESTAURANT,3
EAT-A-BAGEL - BOAT SPIRIT OF AMERICA,1
BESSEMER TRUST CO,1
SUBWAY,3
WOLFGANG'S STEAKHOUSE,3
ZOMBIE HUT,1
VEGA ALTA SPORTS BAR,2
CHEN DU TIAN FU,6
BERGER'S ON THE GO,5
PLAZA DELI,8
BAGELBERRY,2
HANSOL NUTRITION CENTER,8
KI SUSHI,3
PUNJABI DHABA CATERING & SWEETS,3
THAI ELEPHANT RESTAURANT,2
CUSTOM BURGERS,0
VICTORY KITCHEN,1
SUBWAY,2
ELEVEN B,4
HEARST GOOD HOUSEKEEPING INSTITUTE,1
ATHEN'S GRILL & RESTAURANT,3
PLANET WINGS,2
YONG SHENG RESTAURANT,3
GREAT TASTE BAKERY,7
TINY'S PIZZA & PASTA,7
GREGORY'S 26 CORNER TAVERNA,2
NIRVANA,2
MIKE & MAGGIE'S PIZZERIA,2
JAMAO COFFEE SHOP RESTAURANT,3
CHELSEA PLAYGROUND,2
"DUNKIN', BASKIN ROBBINS",2
LA ISLA RESTAURANT,5
TACO VELOZ,3
MCDONALD'S,2
SUTEISHI,3
EMPERADOR ELIAS RESTAURANT,5
LA ANTIOQUENA BAKERY # 1,3
PANADERIA COATZINGO,4
BROWNSTEIN CATERERS,1
PANCA,4
FUSION GRILLS,2
NICKY'S COFFEE SHOP,2
ALL NATIONS,2
FLAVORS,1
CAFE K-2,2
JIMBOS HAMBURGER,5
DUNKIN',1
CILANTRO,4
STARBUCKS,1
ROPES & GRAY CAFE,1
PIZZA CLASSICA,2
BARAKA BUFFET,3
ROASTING PLANT,2
ROLLERJAM USA,2
"D'ANGELO'S PIZZA, PANCHO'S MEXICAN RESTAURANT",4
ESPRESSO PIZZERIA,3
EL PORTON BAR & RESTAURANT,4
TEQUILA CHITO'S MEXICAN GRILL,3
FULL DOE BAKERY,2
ASO ROCK LOUNGE AND RESTAURANT,2
PATRIZIA'S,2
DUNKIN',2
CHILI'S GRILL & BAR,3
BLEND,4
TENDA ASIAN FUSION,3
THE GUTTER BAR,2
ANTONIO'S TRATTORIA,6
THE KATI ROLL COMPANY,2
LA BELLA PIZZERIA,4
DANY'S PIZZA RESTAURANT,4
MCDONALD'S,1
SUPER POLLO,1
ECUATORIANA RESTAURANT,4
SUBWAY,1
THE RUSSIAN TEA ROOM,3
WOORIJIP,2
MOODY'S CAFETERIA,4
LOS TRES POTRILLOS RESTAURANT,3
KARCZMA,2
MR CHEN CHINESE RESTAURANT,3
BOCCA,3
STARLIGHT GRILL RESTAURANT & SWEETS,8
MARILU & DEYSI RESTAURANT,2
TROPHY,3
ARMANDO'S PIZZA,2
VICKY'S DINER,2
LOS 3 POTRILLOS,2
KING'S WOK,2
"DUNKIN' DONUTS, BASKIN ROBBINS",2
FRIEDMAN'S LUNCH,3
DOCKS RESTAURANT,2
KENNEDY FRIED CHICKEN,2
OLMSTED CAFETERIA,3
SOCCER TAVERN,3
MARK FORGIONE,2
PAX,4
RICH VILLAGE RESTAURANT,4
PARK AVENUE LUNCHEONETTE,2
NANO BILLIARD CAFE,6
DAVIS FAMILY ESTABLISHMENT,0
PHILLIP MORRIS INTERNATIONAL,2
BUFF PATTY RESTAURANT & BAKERY,2
SUTTON BAR ROOM,2
POPEYES,3
"DUNKIN', BASKIN ROBBINS",3
TRIPLE A DINER,11
LOBSTER BOX,2
DUNKIN',4
SUBWAY,3
NATIONAL BAKERY,3
L'ENCANTO D'LOLA,1
BARTOLINO'S FINE ITALIAN CUISINE,2
MEE THAI CUISINE,4
"DUNKIN' DONUTS, BASKIN ROBBINS",4
EL MEXICANO BAR & RESTAURANT,7
BBQ CHICKEN,1
MOTHER PUGS SALOON,1
CASSIANO'S PIZZA,5
NIO'S WEST INDIAN RESTAURANT & BAKERY,3
G'S HOMESTYLE COOKING,5
BISTANGO,5
GIUSEPPE PIZZERIA,2
BUTTERFIELD CATERING,3
SKY GARDEN AT SPA CASTLE,3
GRIMALDI'S,2
BEAN N BEAN,3
NEW EVERYBODY'S KITCHEN,3
OSLO COFFEE ROASTERS,2
DUNKIN',1
PELHAM BAY AND SPLIT ROCK GOLF COURSE,4
ARTHUR AVENUE CATERS,3
LOCAL CAFE & COCKTAILS,5
SUBWAY,2
GOSSIPS,4
WILFIE & NELL,2
CAROL'S BUN,7
SIENA,1
WEI MEI XIAN,3
CHIPOTLE MEXICAN GRILL,3
DEILINE'S RESTAURANT,4
L.A. BURRITO,2
WOODSIDE CAFE,1
ESTRELLA DEL MAR RESTAURANT,2
UDON WEST,2
RED LOTUS BAKERY & CAFE,4
MAMA TINA'S PIZZA,6
SUBWAY,1
BATI,3
PEARL DINER,5
LEGENDS NYC,2
CHICANITO,2
ICHI SUSHI I,2
LALI'S RESTAURANT,3
MITOUSHI JAPANESE SUSHI,3
GRACIE-MEWS RESTAURANT,3
AN CHOI,2
MALAY BAKERY,3
MAMA'S PIZZA CAFE,3
PLAY SPORTS BAR,3
HELLCAT ANNIE'S TAP ROOM,2
NEW FLUSHING BAKERY,3
VAQUEROS,2
AVENUE DINER,2
PIAZZA PIZZA,1
NEW FOOD KING,2
DELICIOSO RESTAURANT,4
CITI FIELD MISTER SOFTEE/STAND 131,1
CITI FIELD JIM BEAM HIGH BALLERS CLUB,2
CITI FIELD EMPLOYEE CAFETERIA,1
CITI FIELD IN SEAT SERVICE,1
CITI FIELD STERLING MARKET,1
CITI FIELD STERLING KITCHEN,1
CITI FIELD STAND 114,1
CITI FIELD STAND 112,1
CITI FIELD STAND 110,1
CITI FIELD WORLD'S FAIR MARKET/STAND 104,2
CITI FIELD CATCH OF THE DAY/STAND 102,2
CITI FIELD PAPA ROSSO & FUKU/STAND 142,1
CITI FIELD BUD ISLAND/STAND 140,3
CITI FIELD TACO FRITES/STAND 139,1
CITI FIELD SHAKE SHACK/STAND 139,2
CITI FIELD BLUE SMOKE/STAND 139,3
CITI FIELD STAND 137,1
CITI FIELD BASH BURGER/STAND 135,2
CITI FIELD HOT PASTRAMI ON RYE/STAND 126,2
CITI FIELD BALLPARK EATS/STAND 123,2
CITI FIELD STAND 121,1
CITI FIELD IN SEAT KITCHEN/STAND 118,1
CITI FIELD STAND 402,1
CITI FIELD STAND 435,1
CITI FIELD STAND 433,1
CITI FIELD STAND 431,2
CITI FIELD STAND 425,2
CITI FIELD STAND 423,2
CITI FIELD STAND 421,3
CITI FIELD BIG APPLE BREWS,1
CITI FIELD NATHAN'S FAMOUS STAND 417,2
CITI FIELD HYUNDAI CLUB/STAND 119,0
CITI FIELD HYUNDAI CLUB STAND 117,2
CITI FIELD SUITE KITCHEN,1
CITI FIELD TWO BOOTS/ STAND 318,3
CITI FIELD PEPSI PORCH STAND 301/303,1
CITI FIELD BURGERS & DOGS STAND 337,1
CITI FIELD STAND 335,1
CITI FIELD PORSCHE GRILLE,2
CITI FIELD NATHAN'S FAMOUS STAND 325,1
CITI FIELD EFFEN VODKA BAR,1
CITI FIELD STAND 327,1
CITI FIELD STAND 312,1
CITI FIELD CLUB BAR #1 (FIRST BASE),1
CITI FIELD STAND 310,0
CITI FIELD PRESS KITCHEN,2
CITI FIELD STAND 321,2
CITI FIELD FOXWOODS BAR,2
CITI FIELD EMMY SQUARED PIZZA,2
CITI FIELD NATHAN'S HOT DOGS STAND 408,1
CITI FIELD NATHAN'S FAMOUS STAND 406,1
CITI FIELD NATHAN'S HOT DOGS STAND 404,1
CAFE LA NOTTE,2
21 HOME'S KITCHEN,2
AMC THEATRES,3
CITI FIELD NEW YORK METS VISITORS CLUBHOUSE,2
CITI FIELD NEW YORK METS HOME CLUBHOUSE,0
212 HISAE'S,2
CHINA GARDEN,4
OASIS CAFE,3
JIMBO'S HAMBURGER PALACE,2
MOTHER BURGER,2
RIMINI PASTRY SHOPPE,5
LOCANDA VERDE,5
WENG'S GARDEN,1
NUNZIO PIZZERIA'S,2
FUGU JAPANESE CUISINE,2
TROPICAL FANTASY BAR AND LOUNGE,4
PALADARES BAKERY & RESTAURANT,4
T.G.I. FRIDAY'S,2
NUEVA AMBATENITA LA ESQUINA DEL SABOR,4
69 BAR LOUNGE,3
DAE BAK RESTAURANT,4
LA TERNURA,3
UNCLE LOUIE GS ITALIAN ICES & ICE CREAM,1
CONTI'S PASTRY SHOPPE,4
FORTY EIGHT LOUNGE,2
GHANG THAI KITCHEN,3
SHERWOOD TO GO,4
HAAGEN DAZS,3
GOODFELLA'S,3
FOREST THAI CUISINE,3
LOLLIPOPS ICE CREAM,2
CARIBE RESTAURANT,2
BERRY PARK,3
SUSHI YOU,2
THE BREUKELEN COFFEE HOUSE,3
THE CROSBY STREET HOTEL,2
SUNNYSIDE PIZZA,2
NELLO,3
CENTRAL PARK TENNIS SNACK BAR,3
FRITZIES BAKE SHOP,2
PROJECT PARLOR,2
LE P'TIT PARIS BISTRO,2
CASA ASIA,2
FLOR DE MAYO,2
GOLDMAN SACHS,0
GIOVANNI'S RESTAURANT,4
GUAN DONG YI JIA,10
FAITHY'S KITCHEN,4
1 OR 8,3
PARSONS ALE HOUSE,2
MANOR OKTOBERFEST FOREST HILLS,3
LJ PIZZA,2
B BAR AND GRILL,2
CAFE ARGENTINO,6
THE MAD DONKEY,2
CHRIST COFFEE SHOP & DELI,3
POPEYES,3
RUCHI INDIAN CUISINE,3
DUNKIN',2
DUNKIN',5
MCDONALD'S,1
SOMTUM DER,3
BAR 718,3
WING CHANG FOOD HOUSE,3
JIA XIANG BAKERY,3
THE 13TH STEP,2
CHINA PAGODA,3
TALLGRASS BURGER,1
FUJI JAPANESE RESTAURANT,2
EL TENAMPA RESTAURANT,2
CAFE VIA ESPRESSO,4
TERROIR TRIBECA,5
TANDOOR PALACE,2
JOHNNY'S BAKERY,2
2 BROS PIZZA/ CORVO COFFEE,6
18 RESTAURANT,4
LOWLANDS BAR,3
CHEAP SHOTS SPORTS BAR  and  LOUNGE,3
GURMAN RESTAURANT,2
CASCADE CAFE,3
YEMEN CAFE & RESTAURANT,4
SHANGERILA RESTAURANT,4
TIELLA RESTAURANT,2
OUTBACK STEAKHOUSE,4
SUBWAY,4
NEW PEKING,3
CHIPOTLE MEXICAN GRILL,3
GOLDEN TERRACE BANQUET HALL,4
BRISAS DEL MAR SEAFOOD MARKET,3
AZUL TEQUILA MEXICAN RESTAURANT,2
HILL COUNTRY CHICKEN,5
MALAPARTE,2
WEST SIDE STEAKHOUSE,3
ARTICHOKE BASILLE'S PIZZA & BAR,7
MID CHINA,2
LEMON LIFE,4
ARIA,2
SALAAM BOMBAY,4
THE ONENESS FOUNTAIN HEART,2
BOB BAR,3
CALI AJI CON SABOR RESTAURANT,5
CHEN WON DIM SUM & BAKERY,4
TU CASA RESTAURANT,6
SOCIETY BILLARDS AND BAR,3
KING FOOD,4
BAGEL BISTRO & DINER,3
CARIBBEAN CABANA RESTAURANT & LOUNGE,4
DUNKIN',1
3 SHEETS SALOON,2
BONGO,2
JING XIN RESTAURANT,3
DUNKIN',3
CHINA WOK,3
GREAT WALL RESTAURANT,2
PARK AVENUE WINTER,3
RIVERDALE SECOND HELPING,1
MORINI OSTERIA ROMAGNOLA,2
POP'S COFFEE DINER,3
LITTLE ITALY PIZZA III,1
LITTLE CUPCAKE BAKE SHOP,5
DA MIKELE,2
MANHATTAN 3 DECKER RESTAURANT,1
MAJESTIC DELICATESSEN CAFE,3
TUFFET,4
SAIGON SHACK,2
PEE DEE STEAK,2
DUNKIN' DONUTS,2
AI FIORI,3
"SEATTLE COFFEE ROASTERS, PIER 79/ NY WATERWAY",2
KRISPY KREME,2
CASTILLO DE JAGUA 3,2
DOMINO'S PIZZA,1
SONNIER & CASTLE FOOD,2
PANDA DELIGHT CHINESE RESTAURANT,1
MI SABOR CAFE,2
MINT'S THAI KITCHEN,2
PETROSSIAN BOUTIQUE & CAFE,0
61 LOCAL,3
BON BON JUICE BAR & GRILL,3
SUNRISE MART,4
MI PEQUENA CHOLULA DELI RESTAURANTE,1
FEDORA,2
CHUCK E. CHEESE'S,5
PANDA HOUSE,2
MOJO LATIN,3
DUNKIN' DONUTS / BASKIN ROBBINS,3
DUNKIN',2
GOODFELLA'S PIZZERIA,1
CIRCLE LINE BROOKLYN,2
HA NOI,2
THE COMFORT DINER,3
AGORA TAVERNA,2
GOOGLE-TRUCK PIT,1
THE INTERNATIONAL CULINARY INSTITUTE,2
THAI 101,3
SAGAR CHINESE,5
BACCHUS,2
LITTLE CAESARS,2
LUKE'S PIZZA,0
MOLE CANTINA MEXICANA,2
DJERDAN,5
ANA'S PASTRY SHOP,5
MBJ CAFETERIA/LAGUARDIA COMMUNITY COLLEGE,5
GOLDEN SANDS CAFE,1
WENDY'S,2
GOLDEN KRUST CARIBBEAN BAKERY & GRILL,3
BO BO KITCHEN CHINESE RESTAURANT,2
BAR BRUNO,3
BOULUD SUD,3
BROOKLYN CUPCAKE,3
MANOR SUSHI,3
DAVID'S BAGELS,2
THE COTTAGE,3
BREAD & TULIPS,2
LA SABROSURA,2
MAOZ VEGETARIAN,4
EXCELENTE GIL CAFETERIA & RESTAURANT,3
AMORINO,2
ROCKWAY BEACH CLUB,2
RIPPERS,2
NEW SPRING BOY CHINESE RESTAURANT,6
OLGA'S PIZZA,2
6321 YUAN BAO,5
POTBELLY SANDWICH WORKS,3
CAFE 1853,2
CHANG YU RESTAURANT,2
MIDTOWN EXPRESS,1
QUEENS BURGER,1
ARIS POLLOS A LA BRASA,3
ELENA'S RESTUARANT,2
SKY FOOD COURT(SKY MALL),2
LAVENDER LAKE,3
BAY TERRACE POOL & TENNIS CENTER,2
PITA GRILL,2
CHINA KING EXPRESS,4
MARGON RESTAURANT,4
Z-TWO DINER & LOUNGE,2
OXBOW TAVERN,2
CAFE ON 5TH/STERLING AFFAIR,3
JUMBO'S HAMBURGERS,5
LUIGI PIZZERIA & RISTORANTE,5
KATOU FINE RESTAURANT,4
HARRY'S ITALIAN PIZZA PARLOR,2
BUKHARA GRILL,7
DELIZIA 92,1
CROWN FRIED CHICKEN,1
THE SOCIAL BUTTERFLY,2
HO'BRAH,2
GAL BI MA EUL,3
SUBWAY,3
MAX'S ES-CA RESTAURANT AND BAR,1
SERVICE BAR 6,2
BEACON THEATRE,2
BEACON THEATRE (LOGE STAIRS BAR),1
BEACON THEATRE SATELLITE BAR,1
BEACON THEATRE (BALCONY BAR),1
BEACON THEATRE (ORCHESTRA BAR/MAIN FLOOR),1
BEACON THEATRE WINDOW BAR 2ND,1
LEXINGTON BRASS,3
ASIAM THAI CUISINE,3
ROCCO PIZZA III,2
PEKING KITCHEN,2
DUNKIN',2
DUNKIN',1
POPEYES,2
TABLE D'HOTE,2
CHARLOTTE PATISSERIE,1
CRISPY PIZZA,2
FENG MAO BBQ,5
EL FOGON COSTENO RESTAURANT.,3
ALGONQUIN HOTEL/BLUE BAR,5
DAVIDSTEA,2
CAFE GOURMAND,4
METROPOLITAN MUSEUM ROOF TOP GARDEN CAFE,2
AMERICAN MUSEUM OF THE MOVING IMAGE,2
MCDONALD'S,2
CAFE MADELINE,2
VANESSA'S DUMPLING HOUSE,2
MADCAP CAFE,3
THE SHANTY,1
LIBERTY BAR,2
DONG CHUN HONG CHINESE RESTAURANT,6
INDIE FOOD AND WINE,4
CROWN FRIED CHICKEN,3
IHOP,3
DELHI HEIGHTS,3
WORLD YACHT - ST. CHARLES,2
SUBWAY,1
CONES,1
KENNEDY CHICKEN &SANDWICHES,4
RANDOLPH BEER,3
SMILE TO GO,3
AROMA ESPRESSO BAR,1
PLUM TREE RESTAURANT,3
FAY DA BAKERY,3
GRAN ELECTRICA,2
JERUSALEM CAFE,1
CAFE MARGOT PATISSERIE,1
RARE VIEW ROOFTOP,3
LITTLE ZELDA,6
THE RITZ-CARLTON HOTEL/AUDEN,4
69 PIZZERIA,6
120 BAY CAFE,2
GONZALEZ Y GONZALEZ,3
LA VARA,5
NATHAN'S FAMOUS,2
EAST SIDE BAGEL CAFE,2
CARIDAD RESTAURANT,9
THE LIBERTY,4
Lan Zhou Handmade Noodle,5
68 MEI MEI BAKERY,2
MI PEQUENO RANCHITO,4
LENOX SAPHIRE,6
GOOD TASTE RESTAURANT,2
GIGI CAFE,5
KISSENA PARK GOLF CLUB,3
SULLIVAN STREET BAKERY,2
BUBBA'S BISTRO,3
BAR & RESTAURANT EL SALVADORENO,2
FUJI SUSHI,2
LA BRISA DEL CIBAO,3
LE FATIMA BAR & GRILL,1
MAIN BAKHTAR HALAL KABAB,5
SINIGUAL RESTAURANT,3
JUSTINOS PIZZERIA,2
XIXA,2
LADY M CONFECTIONS (Plaza Hotel 770 5th avenue),3
"CHICKPEA, RED MANGO",2
BOCADO CAFE,2
THE NATIONAL,3
DELICIAS PIZZA AND CHICKEN,3
HAPPY & HEALTHY,2
LA VIE EN SZECHUAN RESTAURANT,9
EAST COAST REMIX,4
CAFE OLIVIERO,8
TABLE GREEN,2
GLAZE TERIYAKI GRILL,4
EL MEXICANO RESTAURANTE & CAFE,1
GRIMALDI'S,2
JOHN BROWN SMOKEHOUSE,3
AU BON PAIN,2
MOTI MAHAL DELUX,6
THE MEATBALL SHOP,3
TITOS EMPANADAS Y MAS,5
BEST COFFEE SHOP,3
TAKESUSHI,2
EMPIRE EXPRESS,3
SZE'S GOLDEN DRAGON,3
ISLAND SOFT PRETZEL STOP,4
KONO CHICKEN,3
YUE LAI BAKERY,1
CAFE 58,3
MAX BAKERY & RESTAURANT,2
SPIRO'S CAFE & PIZZA,3
CATFISH,3
GOLDEN KITCHEN,1
CAFE LATTE,2
PETE'S CAFE,2
EAGLE CITY TEX MEX CHINESE FOOD,3
BRICK OVEN BREAD,2
HOUSTON HALL,2
CIBO EXPRESS GOURMET MARKET (VAGABOND),0
SAL'S PIZZA,5
CAFE BUUNNI,1
PAISANOS BURGERSMELT,2
Billboard Lounge,0
BARCLAYS - QATAR AIRWAYS COURTSIDE KITCHEN,2
PRESS DINING & BEER ROOM,0
NATHANS,3
BUFFALO BOSS,3
HONDA/LEGENDS LOUNGE,3
KING COUNTY  DOGS,2
PAISANO'S BUTCHER BURGER/WEIGHT WATCHER,2
HABANA OUTPOST,1
JUNIOR'S BLUE MARBLE & MORE,1
RESORTS WORLD CASINO BAR,2
GRAZE SMOKEHOUSE,2
NORTH CLUB LOUNGE,0
PALM BAY BAR,1
JUNIORS,1
KINGS COUNTY DOGS,1
BARCLAYS LOWER SUITES TANDUAY BAR SOUTH CLUB LOUNGE,1
Corona Bar,1
TABLE 87,1
FUKU,1
BROOKLYN BANGERS & DOGS,2
BK TACO,3
BK BOWLERS,1
BROOKLYN BURGER,1
HABANA OUTPOST (Barclay Center),1
NATHAN'S FAMOUS,0
TABLE 87,0
PAISANO'S BURGER,2
BARCLAYSBUFFALO BOSS,3
BROOKLYN BANGERS & DOGS,2
BARCLAYS/BK TACO,1
BARCLAYS UPPER SUITE STOLI BAR AND STORAGE ROOM 5C29.03,1
BARCLAYS NORTH SUITE STOLI BAR,2
DUNKIN',1
BARCLAYS/CALEXICO,0
BARCLAYS 40/40 CLUB BAR,3
FRESCO DELI,3
MBJ SOUTH (NAMM CAFE),3
PEARL GATE FROZEN YOGURT,2
BAIT & HOOK,3
TAQUERIA EL BUEN GUSTO,2
GOLDEN YEARS,5
SOLE DI CAPRI,3
FRUITTI YUMMI,2
IMPERIAL RESTAURANT DELI,1
CASA VERDE,2
BEST BAKERY,5
PANERA BREAD,2
MCDONALD'S,2
KAT'S ISLAND CUISINE,2
METROPOLITAN MUSEUM BALCONY LOUNGE,3
SUBWAY,2
MAMA'S COOKING,2
COCOTTE,2
AMBASSADOR FOOD SERVICES,4
CURRY KING,6
LE MIDI BISTRO,3
SBARRO,2
STUDIO 9C,3
MY KITCHEN,3
EL NUEVO BARZOLA RESTAURANT,2
INTERNATIONAL WINGS FACTORY,2
THE KEG ROOM,1
RAKU IT'S JAPANESE II,7
BELLI OSTERIA,2
SAFFRON,1
FAMOUS FAMIGLIA PIZZERIA,4
B & H RESTAURANT,2
DUNKIN',2
NEW SIU'S KITCHEN,3
MEI YU SPRING RESTAURANT,4
A SAFFRON THREAD,5
GINA'S PIZZA & DELI  RESTAURANT,2
NOT GUILTY DELICATESSEN,5
EAST DIM SUM,3
NEW RANCHITO,3
GLENDALE DINER,2
VILLA MARCELLO,1
TASTE OF BENGAL,6
FU LAI O KITCHEN,2
BERGEN BAGELS,2
M & J HONG KONG STYLE,6
JUST SALAD,4
CANARSIE COFFEE,3
BEDFORD FALLS,3
BEN'S PIZZA AND RESTAURANT,6
CHINA KING,3
SPREADS,3
ISIS RESTAURANT,2
GANDHI INDIAN RESTAURANT,1
LAFAYETTE,3
DON TEQUILA URBAN CANTINA,3
ORIENTAL CHINESE RESTAURANT,1
METRO STAR COFFEE SHOP,2
GLASSERIE,3
HIGHLINE PIZZERIA,3
PIACERE,2
PADDY G'S,4
HUNTS POINT JUICE BAR & DELI,9
CHINA MOON,3
JACKS COFFEE,2
UNCLE BOON'S,2
UNCLE LOUIE GS ITALIAN ICES & ICE CREAM,1
TAQUERIA KERMES,1
ROTI MEDITERRANEAN GRILL,0
MASAKI TERIYAKI & SUSHI,3
SKILLMAN'S  FAMOUS PIZZA & COFFEE SHOP,1
ARMONIE,2
CONVENE AT 32 OLD SLIP,1
GLADY'S,7
MI CANDILEJAS RESTAURANT,2
FALANSAI,2
BARAWINE,3
ATLAS STEAKHOUSE,4
DARINA CAFE,2
DANI'S,2
MORGAN'S BBQ,3
EL POLLO III,4
EL NUEVO BOHIO RESTAURANT,4
HK BOXERS NYC,7
NEW PINANG,2
PEACHWAVE FROZEN YOGURT,1
DUNKIN' DONUTS,3
LA NUEVA BAKERY,3
FOREST HILLS LITTLE LEAGUE,2
TABATA 2 JAPANESE NOODLE RESTAURANT,6
Black Sea Fish & Gr,3
PARKER & QUINN,3
PIC UP STIX,2
DUNKIN',2
DI FARA PIZZERIA,2
LULA BAGEL,2
THE MEATBALL SHOP,2
LAS DELICIAS,4
EL BLOQUE DELI,4
MILK & HONEY CAFE,2
AMBY'S RESTAURANT,1
BLUESTONE LANE COFFEE,2
THIRD RAIL COFFEE,5
MELROSE BALLROOM,2
ROY'S RESTAURNT & BAR,5
MAR'S,5
NEW POLODOS LOUNGE,1
FRIEDMAN'S,3
FIVE GUYS FAMOUS BURGERS AND FRIES,1
RAJDHANI INDIAN RESTUARANT,3
VERRAZANO GRILL,2
CIRO PIZZA CAFE,3
GRASS ROOTS JUICERY,1
DREDSURFER GRILL,2
KE ZHANG,2
TAQUERIA OAXACA,2
DUNKIN',4
SOCIETE GENERAL,2
ATLAS SOCIAL CLUB,1
OOKI SUSHI,4
FORNINO,2
Cascalote Latin Bistro,2
CAMPANIA COAL FIRED PIZZA,1
BLUEMAIZ,3
DOTORY,4
FRESH POND TAVERN,2
PALERMO RESTAURANT & BAR,1
YUMMY HOUSE,3
LA BELLEZZA PIZZERIA,2
1803,3
JADE PALACE,3
STARBUCKS,1
LUZZO'S BK,3
POPEYES,2
THE SKYLARK,2
PADISHAH RESTAURANT,1
FAMOUS PIZZA EXPRESS,2
NEW YORK SPA & SAUNA CAFE,4
PARIS BAGUETTE,1
NANO,2
PANDA CAFE,3
3-J RESTAURANT AND PIZZA,2
DUMPLING KINGDOM,3
EZ GRILL NYC,3
LUPITA RESTAURANT,6
THE WAYFARER,3
REENCUENTRO RESTAURANT,2
KONDITORI,3
LITTLE ITALY PIZZA,1
Akaru Sushi,3
CROCUS,3
T- 45,2
G&B TERMINAL DELI,4
BABY'S ALL RIGHT,3
AREPAS CAFE,3
LOONG XIN ASIAN CUISINE,3
TIO LUCA,3
AMARIN CAFE,2
RAMONA,2
PRINCE PIZZA,3
BAR BACON,2
TARROS BAR,3
CONGRESS,2
AMERICAN WHISKEY,5
KINFOLK,2
HENRY'S LOCAL,0
FORTUNE BAKERY,2
JACK DANIELS BAR - Barclay's Center,2
NEW 888 CHINA EXPRESS,4
THE JOHNSON'S,5
WOGIES BAR & GRILL,2
J R SUSHI,2
JAX INN DINER,4
SUPER STAR KTV,5
LA VUE,2
MAMA LUPE RESTAURANT,2
FOREST HILL STATION HOUSE,1
DUNKIN',0
MAMA PIO KITCHEN,3
CROXLEYS THE ABBEY,2
KALINA RESTAURANT,6
HAPPY EXPRESS CAFE,3
LADUREE SOHO,3
E'S BAR,2
CAVALERI PIZZA & PASTA,2
TABLE 87,2
SINGAS FAMOUS PIZZA,4
PHILIPPE NYC I,1
BONJOUR CREPES & WINE,1
COLONIA VERDE,2
SARILING ATIN,3
BABA COOL,4
THE ROOST,3
Bar B,3
LUCKY STAR CHINESE RESTAURANT,2
LOK HIN,2
DON PANCHOLO LECHONERA RESTAURANT,3
MANDARIN ORIENTAL HOTEL-BANQUET,2
CARIDAD RESTAURANT,7
EL PATRON RESTAURANT & LOUNGE,2
BARTOLINO'S FINE ITALIAN PIZZA,3
LAZZAT,3
MIGHTY QUINN'S BBQ,2
LIZZMONADE,4
ROEBLING PIZZA,1
BIG APPLE CHINESE & JAPANESE RESTAURANT,4
NEW DRAGON RESTAURANT,2
BAGEL CAFE,2
TIANJIN DUMPLING HOUSE,6
VANGUARD WINE BAR,1
ANEJO TRIBECA,3
NISHIDA SHO-TEN,1
PIO PIO BROOKLYN,3
CLAUDETTE,3
ODDFELLOWS ICE CREAM,2
LA GRAN NAGUA BAKERY,2
AL HORNO LEAN MEXICAN KITCHEN INC,7
CAFE GRUMPY,1
PRANZO,2
KAIETEUR RESTAURANT,1
FONDA OF CHELSEA,4
FIELDS GOOD CHICKEN,2
MARCONI'S PIZZA,5
ALBERT'S COFFEE SHOP,2
SHAXIAN DELICACIES,3
HUNAN HOUSE,4
PEAK THAI,4
MINT MASALA,7
FRAICHE MAXX,2
THE HIDEAWAY SEAPORT,4
AKI SUSHI,2
LUVUMS TROPICAL ICES,1
CHELA & GARNACHA,1
OLD TBILISI,2
SHOGUN SUSHI,2
BLUE RIBBON SUSHI BAR,2
NEWKIRK FRUIT,3
GREGORY'S COFFEE,2
MIMI CHENG'S DUMPLINGS,2
RAVAGH PERSIAN GRILL,3
SKY CAFE,2
THE HALAL GUYS,2
MERIT DELI,2
PIZZA MOTO,3
GOLDEN KRUST CARIBBEAN BAKERY & GRILL,5
EL REY LATINO RESTAURANT,1
WENDY'S,2
SLICK WILLIE,5
JAY'S QUICK BITES,2
NATIONAL DINER,3
WENZHOU CUISINE,2
LIMANI,3
MARTA,2
GOOGLE LAPLACE,1
NEW STAR BAKERY,4
SBARRO,3
THE BREW INN,2
RED LOBSTER,4
CHICKEN SHACK,8
Q'KACHAPA,3
FRESH DUMPLINGS,1
EL COYOTE,2
GRK,3
ESME,3
NUHMA,3
LUCKY EIGHT RESTAURANT,2
EMPELLON AL PESTOR (16th&17th),3
NY FAMILY PIZZA,2
LA PULPERIA,2
STEPHEN SONDHEIM THEATRE,2
NUTRIPAN #2,1
LINCOLN CENTER THEATER (Claire Tow Theater),3
MALAYSIA GRILL,3
KENNEDY FRIED CHICKEN,6
ATLANTIC THEATER (van Beuren Kass Bar),2
BAGELS & BIALYS,6
NEW CHINA WOK,5
SAMUEL FRIEDMAN THEATRE,2
FRUCES,5
A SUSHI,1
The Beast Next Door,1
GRACE BEFORE MEAL ROTI SHOP,3
FRESH & DELICIOUS,4
HYATT HERALD SQUARE,2
J'S ON THE BAY,2
FRESH & CO,2
THE ATRIUM @ BROOKLYN BOTANIC GARDEN,1
BANHMIGOS,3
KOKU RAMEN,6
BUFFALO WILD WINGS,2
LECHONERA LA ISLA,2
MOE'S SOUTHWEST GRILL & CHARLEYS PHILLY STEAKS,2
ADORO LEI,2
VIS-A-VIS,2
Git-It-N-Git,2
SOHO CAFE & GRILL,2
GREAT WALL,3
JADE JOY,3
FUSION JUICE BAR,3
BOMBAY GRILL,3
LAO MA SPICY,5
THE TACO PLACE,2
LONG WONG BAKERY II,2
COLUMBIA UNIVERSITY MEDICAL CENTER BOOKSTORE CAFE,2
BOCCA BLISS,6
EL NUEVO ROBLE BILLIARDS,4
BONCHON,6
NEW CHENG'S ORIENTAL EXPRESS,6
SILVER SPOON DINER,3
SELENA ROSA MEXICANA,7
EPICERIE BOULOUD,2
TSOB-TSOBE CAFE LOUNGE BAR,6
6B,2
GREGORY'S COFFEE,1
KAM MAN KITCHEN,2
CROWN FRIED CHICKEN,3
HOUSE OF SEAFOOD EXPRESS,3
ELI'S ESSENTIALS,4
PARRILLADAS SUNRISE MEXICAN RESTAURANT BAR,2
BLEND SALAD AND JUICE BAR,3
UNION BANK OF SWITZERLAND,1
THE KUNJIP,4
NICKOLAS' DELI RESTAURANT,7
HOME CHEF INTERNATIONAL FLAVORS,2
MARIO'S,2
THE HALAL GUYS,3
SMITH'S HELL'S KITCHEN BAR & RESTAURANT,4
ACTS III BAGELS,4
CHEZ ALEX,6
PHO THANH HOAI 1,2
THAI SOUP,2
DEFONTE'S OF BROOKLYN,4
THE UP & UP,4
HAN WONG RESTAURANT,2
SPRING FISH VILLAGE,3
MERRY LAND BUFFET,3
SAUVAGE,2
NIKKO HIBACHI STEAKHOUSE & LOUNGE,6
PARKSIDE COFFEE SHOP,2
NEW JIN GUANG HOUSE,3
SPICY PIZZA,1
NEW LUCKY GARDEN,3
MANHATTANVILLE COFFEE,4
NEW HO WAH CHINESE,3
THINK COFFEE,3
VILLAGE NATURAL,3
L' ANTAGONISTE,1
GINA MEXICANA,2
LUK & BART HOMEMADE FOOD,2
DUNKIN',0
BLUE AGAVE,3
MAITE,2
WING WORLD,2
NOODLE HOUSE,3
ESCAPE INTERNATIONAL CUISINE,2
DANIELA'S CAFE,2
FATHER KNOWS BEST,2
MIS ANGELITOS BAKERY,3
GINZA,3
POPEYES,2
GRADE COFFEE,2
TANNER SMITH'S,2
EMPANADAS MONUMENTAL,3
HYATT PLACE NEW YORK MIDTOWN SOUTH,2
JOONG HAN BOON (CHINESE-KOREAN DUMPLINGS AND NOODLE),1
MADDEN'S PUB,2
SOFITEL NEW YORK,1
CARVEL ICE CREAM,4
SANDWICH BAR,2
GONG CHA,3
TENDER,3
ANGLER,0
LOIS BAR,3
GUIZHOU MIAOJIA NOODLES,4
BEST WESTERN PREMIER HERALD SQUARE,3
LA PARADA EXPRESS RESTAURANT,5
BLACK TAP,3
ABBA BAR AND GRILL,2
K & E FAST FOOD,2
HANEUL BABSANG,2
DOMINIQUE ANSEL KITCHEN,2
NATIVIDAD RESTAURANT,2
RED HOOK LOBSTER POUND,2
CAFE/ 911 MUSEUM,2
RUSTIC TABLE,1
SUBWAY,2
DOUGH,1
MEE NOODLE SHOP,5
WRAP N ROLL,2
RAI RAI KEN,2
THE RED DOORS BAR AND GRILL,3
CHEN XIN LUNG CHINESE RESTAURANT,3
SUBWAY,1
MAGGIE MAE'S,3
DESERT RAIN LOUNGE,7
AVOCADO SUSHI,2
CHOCOLATERIA,4
KAI FAN ASIAN CUISINE,2
SUBWAY,3
PANDA EXPRESS,2
BOB'S YOUR UNCLE,4
PENG SHUN RESTAURANT,2
UPTOWN JUICE & VEG,4
IC BROOKLYN CAFE,2
DANTE,6
THE ALCHEMIST'S KITCHEN,1
MICHELLE RESTAURANT,4
BREAD & BUTTER,2
PEQUE VINOS + TAPAS,2
SMASHBURGER,2
MOLOKO,2
T & G FLAVORS,4
NEW ISLAND GARDEN,3
EL NUEVO PATIO,1
LUCISOUS THAI,3
NEW CHINA RESTAURANT,3
HOUSE OF THAI,6
KENNEDY FRIED CHICKEN,3
MOSS CAFE,1
EL CORTEZ,2
PATRIZIAS OF BROOKLYN,4
COCINA LATINA RESTAURANT,2
NEW SHANGHAI TIDE RESTAURANT,5
IMPERIAL,2
EMBERS RESTAURANT,5
FUNNY BBQ,2
GRANDCHAMPS,1
BROOKLYN CAFE 1,2
SUSHI REN,5
5TH AVENUE ASIAN TASTE RESTAURANT,3
HUNTER BAR  888,1
HUMMUS KITCHEN,4
DENG JI RESTAURANT,5
NEW YORK SOON DAE,2
GUARO DOMINICAN RESTAURANT,3
NIGHT MARKET BBQ,5
NO. 142 BAR,3
PICKLER & CO,3
CLINTON HALL,1
LISSETT OMAR,1
MESSDECK CAFE (INTREPID MUSEUM),2
TWO SAINTS,3
BEST BURGER PALACE,3
REGO PARK COFFEE SHOP,1
JUN-MEN RAMEN BAR,2
STOUT,2
PIG N WHISTLE,1
OVENLY,1
DUNKIN' DONUTS,2
FANCY NANCY,2
SAGAPONACK,2
MOLO,1
THINK COFFEE,2
GAMMEEOK,4
DOUBLE DRAGON,3
HUA HUI BAKERY,3
PANDA HOUSE @1638 BEDFORD AVENUE,2
CHELSEA CREAMLINE,5
KITCHEN GRILL,2
PACKSUN HALAL CHICKEN,2
KINGS KITCHEN,2
ROKHAT RESTAURANT,1
SUSHI SUKI,3
ASIAN FUSION,2
GRACE FOOD II CHINESE RESTAURANT,3
IRIE CARIBBEAN KITCHEN & BAKERY,5
NARUTO RAMEN,2
LIMA RESTAURANT,6
310 BOWERY BAR,1
CITY SUBS,2
YES GARDEN,2
SUSHI-TERIA,2
MODHU MITA INDIAN RESTAURANT,4
TAM PO PO RAMEN,2
ETIHAD-JFK,1
ITALIANA CREMOSA PIZZERIA & RESTAURANT,2
TEN ICHI RAMEN,3
SAN MATTEO PIZZERIA E CUCINA,3
TACOMBI BLEECKER ST.,1
DHANSHIRI CHINESE,3
DELICIAS CUENCANAS RESTAURANT,2
JEZERO CAFE,2
JUICE RITE,4
BOULEVARD BAGEL CAFE,3
SUPER TACO,4
EL NOPAL RESTAURANT & JUICE BAR,4
NEW NEIGHBOR CHINESE RESTAURANT,6
SUBWAY,3
HAINA RESTAURANT,5
BODAI VEGETARIAN RESTAURANT,3
HARDEE,1
MY GRILL BAR,0
2 BROS PIZZA,4
CAFFE BENE,3
1080 BREW,1
VANDAL,2
BOTTOMS UP/VODKA SODA,3
CHENS GARDEN,1
THE STATION CRAFT CUISINE,3
EL SALVADOR RESTAURANT,3
BOULE & CHERIE,4
PHO HOAI BAYRIDGE,3
"S,T COFFEE",3
JUICE,0
FLEET BAKERY,3
678 DELI,4
THE LITTLE WHISKEY,1
BEER SHOP,4
TEXAS CHICKEN,1
PANDA HOUSE,4
LOVE BAKERY & CAFE,2
GARDEN MARKET,1
GARDEN MARKET,0
GARDEN MARKET,0
BAR AT THE GARDEN,0
Bar at the Garden,0
CHICKEN & FRIES,0
Daily Burger,0
BAR,0
GARDEN MARKET HOT DOG CONCESSION,0
CASA NONNA PIZZA CONCESSION,0
BEER PUB (BRIDGE PUB),0
HOT DOG CONCESSION/GARDEN MARKET,0
PARKWAY PIZZA,2
GARDEN MARKET,0
VICTOR BAR AND RESTAURANT,3
MONTESPINO RESTAURANT,2
619 BAR & RESTAURANT EL SALVADORENO,3
K & K SUPER BUFFET,1
HOT BAGELS,3
HOT DOG CONCESSION,1
GARDEN MARKET IN-SEAT KITCHEN,0
TIME INC. CAFE AND COFFEE BAR,2
KELLY D JAMAICAN AND AMERICAN RESTAURANT,5
SEABORNE,1
THE BURRITO SHOPPE AND SALAD JUNKIE,5
Bagel Pub,5
SUITE 200/1879,1
THE LAZY LLAMA COFFEE BAR,3
NEW BOK CHOY & ROLL,1
SAI GON DEP,2
POP'S RESTAURANT,4
HUNAN BISTRO,4
PHO GRAND,2
BROADWAY SNACKS,5
FIX-U-PLATE,0
NOSTRO RISTORANTE,2
GREEN FIG,3
CHICK IN,3
MI TACO SANTANA,3
TO SPITI,1
STEINWAY COFFEE SHOP,3
STATUS Q,1
LA CHACRA,2
SUGAR FACTORY,1
THE STARLINER,1
MASSERIA CAFFE,3
FOTEH'S TANDOORI,3
CANTINE,3
BROOKLYN KAVA,4
TROPICAL GRILL,5
SI FISH & MORE,3
MAXWELL'S BAR & RESTAURANT,5
PIZZERIA SIRENETTA,2
NEW SPRING GARDEN,1
LOS BUCAROS,6
CHINA DRAGON,2
ROSARIO'S IHAWAN,3
ZIBETTO ESPRESSO BAR,4
FLIPSIGI,3
BAKER'S PIZZA,4
DARDANIA QEBABTORE EUROPE AND GRILL,1
LA BAGAGUETTE SHOP,4
MUGHLAI INDIAN CUISINE,5
CHARO RESTAURANT,4
GENERAL TSO'S CHINESE RESTAURANT,1
KAHVE,2
CHOCOLATE EXPRESSO BAR,3
JAGANA FAMILY KENNEDY FRIED CHICKEN,3
UNION STREET PUB,2
PROJECT BRUNCH,2
FOO AN CHINESE RESTAURANT,2
SECTION 5 PIZZA,4
GRAB & GO,2
HI NOODLE THAI,2
DEUTSCHE BANK - EXECUTIVE  DINING  ROOM,1
BLACK FOX COFFEE CO,2
MIRCH,5
ROAST N CO,5
YOSWEETS,4
CREME & SUGAR,2
SPRINKLE SPLASH BAKERY,2
SUBWAY,2
TAYLOR ST BARISTAS,2
DEUTSCHE BANK - MAIN CAFE,2
LENNY'S PIZZA,5
GREGORYS COFFEE,2
TALON BAR,1
BENNY'S BRICK OVEN PIZZA,2
CAPPONE'S,5
SUNFLOWER CAFE,1
DONUT CONNECTIONS,3
SALSA ZONE,1
JES CATERING,2
STARBUCKS,2
STARBUCKS,2
LOTTE NEW YORK PALACE -4th floor kitchen,2
DYNASTY,3
YUMMY YUMMY,2
SAIDY'S CAFE,2
KENNEDY FRIED CHICKEN,4
HALAL BUFFET,5
GOLDEN STEAMER ON 8,2
EL NOEL ECO-CENTER FOR INTEGRATIVE WELLNESS,2
FUEL FEVER II,5
KUMO JAPANESE CUISINE,3
BAOBURG,3
JUDY,2
CYPRIANA,2
KINGS COUNTY DISTILLERY,4
CASA GALICIA,3
LARINA PASTIFICIO & VINO,3
DUNKIN' DONUTS,4
99Â¢ FRESH PIZZA,3
HENRIETTA HUDSON,2
ANDELLAS PIZZERIA,3
JUICE PRESS @EQUINOX,2
CITI FIELD STAND 415,2
CITI FIELD GOYA NACHOS & BURRITOS STAND 414,0
3 IN 1 KITCHEN,3
NEW SUKI SUSHI,3
REAZON CAFE & LOUNGE,3
KEVIN CAR WASH AND DELICATESSEN,5
PATTIE HUT & GRILL,3
ICOOK,2
CARNIVAL PALACE,4
THE QUARTER,4
MARGARITA ISLAND,2
SOFIA PIZZA SHOPPE,2
CAFFEINE,3
CROWN FRIED CHICKEN PIZZA & COFFEE SHOP,7
BARNACHO,2
GRILL FRESH TORTILLAS,5
LESSINGS- BULOVA CORPORATE CENTER,6
MOMENTO'S PIZZA COFFEE SHOP,3
SUGAR BOWL,2
LOVE GARDEN,3
LKE CATERING,2
BABY JANE,2
JUICE PRESS @ EQUINOX,1
KENNEDY FRIED CHICKEN,2
CHINA KING RESTAURANT,3
ASTORIA CAFE,2
TSURUTONTAN UDON NOODLE BRASSERIE,5
PELS PIE CO,1
GINO'S PIZZERIA RESTAURANT,4
ORCHARD BEACH SNACK BAR SECTION 10,2
ORCHARD BEACH SNACK BAR SECTION #7,3
LA POLLERA DE MARIO,3
TEXAS CHICKEN & BURGERS,4
HUA XIA RESTAURANT,1
JAZZY WINGS & SOUTHERN CUISINE,3
INDOOR CONCESSION,1
TERRACE WEST,2
HOUSE LEFT CONCESSION,2
TERRACE EAST,1
22 STR CONCESSION STAND,2
KITCHEN 21 (BOARDWALK),2
BRUNSWICK,2
MAMAN,3
SANTO DOMINGO RESTAURANT,4
THE TANG,1
SWEETGREEN GANSEVOORT,2
SUZY'S ROTI PARLOUR,4
GOLDIE'S,1
SUSHI ON JONES,3
Da Ge Xiao Chi,6
ELK CAFE,6
MOKJA,3
ANTHONY'S AND SALS PIZZA EXPRESS,3
DOMENICO PIZZERIA,2
LITTLE KING,6
MEO JAPANESE HIBACHI,8
BISTRO CASSIS,3
ARIRANG USA,5
JOHN'S FRIED CHICKEN,1
DUNKIN',3
LUCKYHE CHINESE RESTAURANT,3
NYLO NYC,2
BURGER KING,2
THE DESSERT KITCHEN,10
CHINA WOK III,2
CHINA ONE RESTAURANT,2
PHO SHOP,4
THE BASAC,3
THE NEW PIZZA PROFESSOR,2
SQUISH MARSHMALLOWS,1
THAILICIOUS,3
PA PA THAI CUISINE,1
MICHAEL ANTHONY'S,2
D'ANTAN,2
Golden Krust Caribbean Bakery & Grill,2
ST KILDA COFFEE,3
DRUNKEN DUMPLING,3
KENNEDY FRIED CHICKEN & PIZZA,1
FRANKLIN 820,3
RIVER JAPANESE CUISINE,2
THAI VILLA,2
THE WING,2
ANGELICA'S CAFE,3
OUSIA,2
GEORGE'S SOUVLAKI OF ASTORIA AND MORE,4
CHINA STAR,5
SWEET MAY'S BAKERY,5
SANTA PANZA,3
STATEN ISLAND FUN PARK,1
CARVEL,2
EL DORADO RESTAURANT,3
BRISAS DEL MAR RESTAURANT II,2
SPOONS,4
MONTE PIZZA,1
FAIRFIELD INN & SUITES MANHATTAN  NEW YORK CENTRAL PARK,2
CHAMPION COFFEE,2
ARTISTIC STITCH SPORTS COMPLEX(PARTY PLACE),1
KABAYAN FILIPINO RESTAURANT,8
GINBO'S HAMBURGER HOUSE,3
LITTLE FROG FRANCOIS LATAPIE,3
SWEET MANGO,2
STARBUCKS COFFEE COMPANY,1
NO BODY'S PIZZA,2
EL PENACHO RESTAURANT,4
THE GARRETT,2
UPSIDE CRAFT BURGERS,2
THE BLACK DERBY,2
PIETRO NOLITA,2
RULAY LOUNGE BAR & RESTAURANT,3
RIO GRANDE BBQ,2
BAR 58,1
SLICE ASTORIA,2
SABI SUSHI,3
BUTLER,2
ARTICHOKE BASILLE'S PIZZA,2
CHALAIT,4
THE SPANIARD,3
MD BAGELS,2
SNOWFOX,3
DUNKIN' DONUTS,2
THE WEI,3
BUEN AMBIENTE BAR & RESTAURANT,1
SUBWAY,2
STAR 99C PIZZA,6
SAUCE & BARREL,2
BLACK BURGER/ POKE BOWL/ 5 BOROUGHS PIZZA,2
NEW TERRITORIES,4
KENNEDY FRIED CHICKEN,3
THREE BROTHERS BAR,4
DOMINO'S,3
YOUZI SHANGHAI,3
W XYZ LOUNGE,2
OCAFE,2
SERAFINA LUDLOW,2
MEXICO 2000,4
THE CRAIC,4
AMAZON NYC,2
YONG KANG STREET,4
OPEN RICE CHINESE SEAFOOD RESTAURANT,2
RED HOT II,4
WAFA'S EXPRESS,3
STONE MILL,2
SING FEI RESTAURANT,3
JERK HOUSE CARIBBEAN RESTAURANT,4
XIANG ZHI RESTAURANT,4
ONE UP BISTRO,4
SPOT DESSERT BAR,1
NEW DRAGON,2
JOJO'S PHILOSOPHY,3
RICO CHIMI BROOKLYN,5
CIRCLE LINE: BRONX,2
EVERYMAN ESPRESSO,3
FRESH 2 GO DELI,2
FAMOUS FAMIGLIA PIZZA,3
CAFE ERZULIE,4
BLUE DOOR SOUVLAKIA,2
THE WILLIAMSBURG HOTEL,5
JAJAJA PLANTAS MEXICANA,7
NANA RAMEN,3
HOME FRITE,3
NY GYRO XPRESS,3
NANYANG KITCHEN,1
OBSESSIVE CHOCOLATE DISORDER,2
LA ROJA DE TODOS,3
JIN FENG YUAN,3
CIELITO LINDO BISTRO,2
NEW HOUSE GARDEN RESTAURANT,2
CAKE BOI,1
EMPELLON,2
JOE'S STEAM RICE ROLL,2
WENDY'S RESTAURANT #108,1
MOTEL MORRIS,4
MI BELLA CHOLULITA MEXICAN RESTAURANT,2
MANHATTAN BEACH CATERING,3
EL BURRO MEXICAN GRILL,2
CAFE MORNING OF NY,3
NEW CHU'S GOURMET,1
NEW YORK STOCK EXCHANGE EXECUTIVE SERVICES,2
CHUMLEY'S,3
OSCAR WILDE'S,2
AMPLE HILLS CREAMERY,1
THE HUDSON BAR ROOM,1
NOODLE VILLAGE,11
EL LOBITO LOCO,1
GROOVE,2
ROCKAWAY BEACH BAKERY,1
HOLIDAY INN EXPRESS MANHATTAN TIMES SQUARE SOUTH,2
NANCY RESTAURANT,3
VIVI BUBBLE TEA,2
EAST COAST,2
CHOP'T,2
THE OX TAVERN,4
SAKURA 4,3
AREPPAS,2
TING HUA CHINESE RESTAURANT,1
CROSSROAD CAFE (MORGAN LEWIS),2
AL CHOLO WEST INDIAN BAKERY & HEALTH FOOD STORE,1
21ST LIC DELI & GROCERY,3
KOREAN & CHINESE CUISINE,3
HIDE CHAN RAMEN,2
BY CHLOE,5
INDIAN TABLE,2
CAFE BILBOQUET,3
CODE RED,2
MIDDLE EATS,1
TACO BELL PIZZA HUT,4
BEBEFRITAY,2
NEW ERA RESTAURANT & LOUNGE,3
WISEFISH  POKE,1
MIGHTY BOWL,3
TACK'S CHINESE TAKE OUT,2
ZA-YA RAMEN,1
TANDIR KEBAB,3
HOME FRITE (DEKALB MARKET),2
CITI FIELD HONDA CLUBHOUSE,1
CITI FIELD VIP LOUNGE,1
JOHN & TONY'S PIZZA,4
L.A. SWEETSNY,2
SOHO PARK,3
LA CASA DEL POLLO AND PIZZA,4
FLIP 'N TOSS,3
KEKI MODERN CAKES,3
TABLE 87 PIZZA,2
CITI FIELD JIM BEAM BOURBON BAR,1
CITI FIELD BUD BAR,1
JUNZI KITCHEN,1
CLAY POT NYC,1
DIWAN GRILL,5
JUMBO KITCHEN,2
EL CARBONCITO RESTAURANT,7
110 KENNEDY FRIED CHICKEN,2
TWIN DONUT/BLIMPIES,4
KENNEDY FRIED CHICKEN,3
KUBEH,2
DUE FRATELLI PIZZERIA RESTAURANT,3
GUH SUNG CHINESE RESTAURANT,3
POKE BOWL,2
Sushi Kaito,1
MK INTERNATIONAL,1
BEDFORD & CO,3
CONCOURSE BAKERY,1
THE LAVISH BAR & LOUNGE,4
LA CASA MIA PIZZERIA,3
BROOKSIDE MARKET,2
KENNEDY FRIED CHICKEN,1
CACHAPA'S BROOKLYN,3
SPUNKY FISH N THINGS,2
SAZON COLOMBIA,3
LA SIRENE UWS,1
FURMAN'S COFFEE,6
LITTLE COLLINS,3
LUCONI NYC,4
BENVENUTI,2
THE DUMPLING HOUSE,5
YE MEI BAKERY,2
MONT BLANC 52,5
LAVARTERA MEDITERRANEAN BISTRO,3
COZUMEL TORTILLA,4
SUBWAY,3
818 FAST FOOD,7
TACOS MORELOS BAR & RESTAURANT,3
JOE & THE JUICE (OCULUS WESTFIELD),3
TUNG SUM BAKERY,5
APPLE GOURMET,6
IZZY'S BBQ SMOKEHOUSE,3
HONG MAN,3
DUMONT BURGER,1
JUICE BAR NYC,1
LUV STORY BAR,1
LITTLEFIELD,1
'CESCA,2
PURPLE RICE KOREAN KITCHEN,3
PAUL MICHAEL'S BRICK OVEN CAFE,5
NUEVA NUTRICION,1
MERAKI,2
MADE IN PUERTO RICO,5
CAPTAIN FRIED CHICKEN,2
FIRENZE RISTORANTE,4
BROOKLYN HALAL GRILL,2
MONDAYOFF BY PLANT LOVE HOUSE,7
ISTANBUL PARK,4
JG MELON,2
JIMBO SLIMS,3
ENZO BRUNI,1
HABANERO MEXICAN CUISINE,4
RESOBOX,0
SENSAKANA,2
LOS TACOS NO.1,3
MOBAY JAMAICAN CUISINE,2
CREME AND COCOA CREMERY,2
YORKVILLE BAGEL & CAFE,4
BERIKONI,2
MADE IN PUERTO RICO BAR & LOUNGE,6
THE PATIO RESTAURANT,5
BEATS KARAOKE CAFE,1
ROLLING COW,3
MI ARMADILLO GRANDE,3
MICHELANGELO'S PIZZA,3
GONG CHA,2
BLUE BOTTLE COFFEE,2
NOI DUE CARNE,3
MY CUBAN SPOT,2
SAPPS,5
TORNADO CREPE,6
BAR A FRITES,2
UTHAI,3
GREGORYS COFFEE,2
STARBUCKS 379 DEKALB(DESIGN CENTER),1
MERZOUKA,2
SALTY STEW,5
FREEHAND NEW YORK - STUDIO BAR,2
Cafe 53,2
VR WORLD,2
LA VILLA PIZZA,1
B.K. BURRITO MEXICAN GRILL,3
ADDICTIVE WINE BAR & TAPAS 1,2
THE CAFE,1
BLUE RIBBON SUSHI BAR,3
STARBUCKS COFFEE #28171,2
HAN DYNASTY,7
PLG COFFEE HOUSE AND TAVERN,2
JIA NYC,1
TERRA,2
CAPYBARA,10
UNCLE NICK'S,3
GREEN LEAFS JUICE BAR,8
SAJHOMA RESTAURANT,3
UNITED KITCHEN,3
GOOD EATS BISTRO,3
CLEO RESTAURANT/ YOURS TRULY BAR & LOUNGE,1
COOPER BEER GARDEN,2
BEANS & VINES,2
PHOBAR,2
DACTA BIRD,3
JOE AND THE JUICE,4
CAFFEINE UNDERGROUND,3
BREAD & BUTTER,4
Modoo-Chicken and Noodle Bar,3
BLUESTONE LANE,3
BLUESTONE LANE COFFEE,1
MY PIE,2
NEW LUCKY STAR KITCHEN,4
IL BARETTO TO GO,1
ZIO TOTO,3
OUTPOST CAFE,4
MAGLIA ROSA INDUSTRY CITY,2
PAULETTE & DANNY JAMAICAN REST.,7
STAX ICE CREAM,2
BAGEL CORNER,2
ROLEN BAGEL,1
ROEY'S,1
DELICIOUS COLOMBIANAS BAKERY AND RESTAURANT,3
NUEVO TULCINGO AZTECA,3
MCDONALD'S #13068,2
Laboratorio,1
MAISON KAYSER,2
THAI @ LEX,2
RICE THAI,5
QINGDAO,4
QIU'S HOUSE CHINESE & JAPANESE RESTURANT,2
City Island in the City,3
DIG INN / MATCHABAR,2
BLU CAFE,1
TUNG TUNG RESTAURANT INC,2
EL ENCEBOLLADO DE ROSSY,9
BEST SALAD,2
ZATAR,2
THE COUPE,1
JUKU,2
MACDOUGAL STREET ALEHOUSE,2
HOME FRONT DELI,2
ELSEWHERE,3
LA MIA PIZZA,2
BRAVO KOSHER PIZZA,2
GOOD TASTE 666,7
TEXAS CHICKEN & BURGER,1
A-POU'S TASTE,9
QQ CAFE,2
OTIS,2
EL CENTRO CANTINA,1
DAVEY'S ICE CREAM,2
VILLAGE DINER,4
KIMCHAYUL MYUNGPOOM GALBI,5
EMPANADAS MONUMENTAL,3
MANI IN PASTA,2
NOCHES DE PALENQUE,3
BONCHON,2
YUMMY CAFE HOUSE,5
COCO FRESH TEA AND JUICE,1
HOW GREEK IT IS TOO!,4
PINSHANG,4
GRANDPA'S BRICK OVEN PIZZA,2
HIBACHI BUFFET,6
591 CHICKEN CUTLET,1
PITA PAN,3
DOWNEY'S BAR & GRILL,3
FRIED CHICKEN WITH THE SAUCE EXPRESS,3
CARIDAD RESTAURANT,4
HUTCH & WALDO COFFEE,2
LAS MARGARITAS SUNSET,3
GRAND REPUBLIC,3
FRESH & CO,1
TAVARES,2
YOUZ SHANGHAI,3
ABAYA THAI CUISINE,2
FULL KEE SEAFOOD RESTURANT,8
BAKER'S PIZZA + ESPRESSO,2
KINGS GRILL,5
DELTA SKY CLUB,0
SOSUA SEAFOOD,3
BASQUIAT'S BOTTLE,1
Rincon Melania's,2
FOOD SING RESTAURANT,2
KICK AXE THROWING,0
HEALTHY FRESH INC,2
PLAYSTATION THEATRE,2
CORONA DINER,3
PRIMA PIZZA,2
NEW MAURICE DELI,2
PERI PERI,2
BIG AL'S CHICAGO STYLE PIZZA,2
PEPO'S PIZZA,1
DIVINA Pharmacy JUICE BAR,1
FAIRFIELD INN AND SUITES,2
Mama Lupita's Bistro,2
EL DIAMANTE INTERNACIONAL CAFE,2
BURGER KING,2
PATSY'S PIZZERIA OF BAY RIDGE,3
PIZZA CACHAPAS,4
PIER 69 MARKET,2
GOLDEN RICH,3
AKINO,4
MAISON BELJANSKI,2
EAST AND BULL CAFE,3
GOLDEN STAR KITCHEN,3
TRANS-PECOS,2
KIRVENS,3
K & J FRIED CHICKEN AND BURGER,4
BURGER KING,2
FRENCHETTE,4
PRONTO CAFE,5
EL PENACHO II RESTAURANT,3
PROONG NOODLE BAR,2
SOULFUL FOODS,3
MAMA FINA'S,3
PARRILLA LATINA STEAKHOUSE,5
MEZCLA DE SABORES RESTAURANT,4
CATHERINE BAKERY,2
TASTY POPCORN CHICKEN/ YO MAMA'S PIZZA,3
BETTER GOURMET HEALTH KITCHEN,1
NORMAN CAFE,5
NUSRET STEAKHOUSE,3
JAMAICAN FRIED CHICKEN,2
SOUTH OF THE CLOUDS,4
WILD GINGER VEGAN BJQ,3
RITA,2
STAR RESTAURANT,3
FRISSON ESPRESSO,3
MINI GALAXY,2
THE CAF,3
EL TEQUILAZO RESTAURANT & BAR,2
THE DEZ,3
Sandz Bar and Grill,2
TASTY THAI,5
ENERGY FUEL,3
AFGAN KABAB AND GRILL HOUSE,2
HART BAR,3
MAKANA,4
MINT PORCH,2
CALACA OF BK,4
TAQUERIA SANTA FE,4
ICHIRAN,1
LITTLE GIO'S PIZZA,6
WORLD'S BEST COOKIE DOUGH,2
MAMBI STEAKHOUSE,4
DICKEY'S BARBEQUE PIT,3
HARLEM CHOCOLATE FACTORY,1
JOE & PAT'S,4
SVG CARIBBEAN BAKERY AND RESTAURANT,1
BLAZE 718 JAMAICAN & AMERICAN RESTAURANT,2
LECHONERA POLLO SABROSO RESTAURANT,5
LYNX KITCHEN,3
FIVE GUYS BURGERS AND FRIES,1
MAKITO,3
JUICE GENERATION INC,1
THE PORTERHOUSE,2
VISTAMAR RESTAURANT,1
LIQUITERIA,2
POKE N' ROLL,2
PRONTO RESTAURANT,2
AVOCADO SUSHI II,3
MOKBAR,2
TORTILLAS KING,2
PRET A MANGER,1
BOBWHITE LUNCH AND SUPPER COUNTER,2
CAFE 47,2
UNDERHILL CAFE AND GRILL LLC,3
BURGER KING,3
CUMIN INDIAN CUISINE,8
TOP HOPS,0
NARGILA,3
MABAT STEAKHOUSE,2
SAFIR BAKERY & CAFE,3
SIX HAPPINESS,6
SABAI,2
UNIQUE BAKERY,4
MOTHERDOUGH,2
BEST WINGERS,5
DABAKH KINE RESTAURANT,1
SMILE TO GO,4
BOQUERIA,3
SMASHBURGER,2
ROTI PARADISE,4
QUEENS COMFORT,6
DEVOCION,2
HUNGRY BURRITO TACOS,5
SONY HALL,3
LEMONGRASS GRILL,3
BOWL AND BLADE,5
JUICE PRESS,3
LA BIENVENIDA RESTAURANT,5
BRASSERIE TOAST CAFE,4
POPEYES,5
Joyo Asian Restaurant,7
PRIMO'S BAR,1
THE EMPANADA SPOT,2
BERNIE'S,4
COMMUNITY HOUSE,4
TEAS ME DEAR,3
SOL SIPS BITES AND BEVS,3
SUBWAY STORE #30214,2
COCO PAZZO TRATTORIA,2
SAUCE PIZZERIA,3
AVENA DOWNTOWN,2
UNCLE LOUIE G'S ITALIAN ICE,1
DUNKIN' DONUTS/BASKIN ROBBINS,2
BANHMIGOS,2
PAPA JOHNS,2
ESS & BENTCH,8
TASTALU PANINI,1
SANTA SALSA,2
MORANDI,3
SZECHUAN GARDEN,7
AUTENTICO TACOS AL SUADERO,4
CLOUD 9 CREPES,3
CROWNE PLAZA JFK,4
VIV THAI RESTAURANT,2
PELICANA CHICKEN,3
COFFEE & GREEN,4
JESUS TACO,3
YOGURT LA CREPE,7
THE BUTCHER'S DAUGHTER,4
ELDER GREENE,2
KAHVE,2
KENNEDY FRIED CHICKEN,2
NINGBO CAFE,5
CARVEL # 102224,2
REMEDY LOUNGE & CAFE,2
FINE TIME,2
OKAWA,3
PLANT MILK DELI STORE,1
TENG DRAGON,2
THE KATI ROLL COMPANY,1
CHPOKE CAFE,6
HUNAN SLURP SHOP,2
MODERN ORGANIZATION HUMAN DEVELOPMENT CENTER,2
THE WATERFRONT (TRUMP GOLF LINKS),3
MAISON KAYSER,3
ASHOKA,2
PRINCE TEA HOUSE,6
SAMMI SWEETZ,1
SANTIAGO'S BEER GARDEN,2
AVOCADERIA,1
LUCKY STAR CHINESE RESTAURANT,2
TENICHI RAMEN,2
ART BIRD & WHISKEY BAR,3
TERRAVITA BAR & KITCHEN,2
FIREFLY,2
ZURUTTO RAMEN & GYOZA BAR,3
CROWN FRIED CHICKEN,2
THE KUSTORY,9
HILTON GARDEN INN LONG ISLAND CITY,2
Grand Astoria Family Pizza,3
SUBWAY,5
DYNASTY TASTE,3
PANDA GARDEN,1
BARNEA BISTRO,3
MAIN STREET COFFEE,1
Brooklyn Roasting Company,2
BAR VELOCE,3
EAST WIND SNACK,2
OCEANVIEW BITES,3
LATINO COFFEE SHOP & PIZZA,3
LONG WON,3
"RBQ BAR, RESTAURANT AND MARKET",4
VENECIA PIZZARIA,2
BLUE BOTTLE COFFEE,1
TANGRA MASALA,3
HEALTHY FAMILY FOOD & DELI,2
WAGAMAMA,2
TONY'S FOOD DELI GROCERY CORP,9
LAS JUANAS RESTAURANTE ASADERO,2
DOS TOROS,2
YARDIE'S JERK INC,3
EL NUEVO CAFE ESPANA,2
DONUT CONNECTION/MIKE'S PLACE,3
ALLEY 41,9
NEW SHANGHAI CHINESE RESTAURANT,2
HUNGRY BURRITO,5
Spice Hut,5
LOPEZ FAMILY MARKET,5
BRAND NEW HOT WOK,2
VEGAN LOVE,3
AVE D PIZZERIA,4
CAFE GITANE,2
TWIN DONUT,4
WESTWAY BAGEL,3
DUNKIN',3
J AND C RESTAURANT,9
HARISSA GRILL,1
SKEWR KABOB KITCHEN,4
AUNT MAE'S,4
May Kaidee East Broadway,2
MAX DELI N GRILL,2
800Â° Woodfired Kitchen,1
LA NOVA PIZZA,4
SUMO SUSHI,6
THREE FLAVOR DUMPLING KING,4
ATOMIC WINGS,3
C & T CUISINE,4
KENNEDY FRIED CHICKEN,2
COUNTRY BAY PIZZA,1
NITTIS,2
SABOR RESTAURANT & BAKERY,4
BUTLER,4
WOK 88,4
BAKERY & PARTY SUPPLY BY MARTHA,6
TRES CHIVOS RESTAURANT,6
GOLDEN WOK,2
PETITE BOUCHERIE / OMAKASE ROOM,4
Cloud M,2
GUB NAE HOOLALA B.B.Q CHICKEN PUB,3
MOCANA BAKERY,3
PPL COFFEE,2
TIERRA Y MAR RESTAURANT,5
CMX-CINEBISTRO,2
ZABKA COFFEE,3
GNARLY EATS,1
METRO EATS,2
XCELLENT SOUL FOOD,4
Nicky's Vietnamese Sandwiches,8
DOSA DELIGHT,6
CHIPTOLE MEXICAN GRILL #3044,2
ONE TWO FREE SUSHI,3
CHAMPION PIZZA ESSEX,1
Kennedy's,3
BUTTERCUP BAKE SHOP,1
ROSEMARY'S BAKERY AND JUICE BAR,2
THE RIBBON,3
CHUN VEGETARIAN,6
JOE'S PIZZA,2
VERDURE VEGAN JAMAICAN RESTAURANT,2
MIKE'S PIZZA & CATERING,1
YSL BAKERY,2
THAI FARM KITCHEN,2
PATRICK'S,5
CROWN FRIED CHICKEN AND PIZZA,2
EL CARIBENO RESTAURANT,3
THE CRABBY SHACK SANDWICH SHOP,2
CAFE COLOMBIA,2
WAVES CAFE,2
DUNKIN',1
101 KENNEDY FRIED CHICKEN,3
MIA'S KITCHEN,6
CRYSTAL ICE,1
LARUSTICA PIZZA,2
MAHALLA,2
LAS PALMAS RESTAURANT II,5
PICCOLI,3
NOVELTY EATS,3
SIMCHA CORNER,2
TEXAS CHICKEN & BURGERS,3
PAUL'S DA BURGER JOINT,2
KROK,3
DIG INN,2
La Abundancia Bakery & Restaurant,2
GOLD ROOM BK,4
FAMILIARS VEGAN COFFEE SHOP,3
BENNY'S CHAO KING RESTAURANT,5
CHUBBY BURGER,3
SAMIR RESTAURANT,3
GRACE CARIBBEAN CUISINE,1
GOGI GRILL,3
POPEYES,1
TASTE NY,1
POPEYES,2
DA TANG SZECHUAN,4
ELYSIAN FIELDS CAFE,2
DADDY GREENS 2,2
ARCHER PIZZA,3
DOS TOROS,2
inthemix jamaican & southern cuisine,4
HANON,2
FISH RESTAURANT,2
EVERTZ'S CAFE,2
CHIP LIC,1
KING SOUVLAKI,4
YUM YUM TOO,4
CALYER CAFE & KITCHEN,3
ELEVA COFFEE BAR,2
SEA ISLAND SEA FOOD,1
EL BUEN GUSTO,1
ASIAN BOWL,2
KING'S ESPRESSO BAR,1
VAN LEEUWEN ICE CREAM,4
VAN LEEUWEN ICE CREAM,3
THE CASTELLO PLAN,2
MARSHALL STREET-ATOMIC WINGS,14
ANGELINA BAKERY,3
EXPRESS SNACKS & MORE,8
CAFE M,4
PLAYA BOWLS,3
KHUN NOO,3
UNCLE LOUIE G,1
SWEET HABIT,2
RICO POLLO #1,5
NEW CHINA  RESTAURANT,4
CHICAGO'S PIZZA WITH A TWIST,4
FRAMBOISE PATISSERIE,3
NEW PLAZA CAFE,1
DUNKIN' DONUTS,6
DUNKIN DONUTS,4
27 MORTON,3
INWOOD DELICIAS,5
DEAR MAMA COFFEE,0
JOHN'S PIZZA,8
KA LOK KITCHEN,4
BROTHER'S ASIAN CUISINE,3
SUSHI STAR,3
SUPREME CARIBBEAN AND AMERICAN CUISINE,2
ENZO BRUNI LA PIZZA GOURMET,1
PHILLY PRETZEL FACTORY,2
SPRINGHILL SUITES & FAIRFIELD INN & SUITES,2
MAMA PHO,4
PIMENTO JAMAICAN CUISINE,2
Popeyes Louisiana Kitchen,2
GYRO KING CROWN FRIED CHICKEN & COFFEE SHOP,1
RICHIE RICH CARIBBEAN TASTE,5
GARI Columbus,1
THE PINE (HOLIDAY INN LAGUARDIA AIRPORT),2
CUE BAR,3
HECTOR & MARCO PIZZERIA,3
AZTECA RESTAURANT,4
WANSHUN SEAFOOD RESTAURANT,5
R & J CARIBBEAN RESTAURANT,9
OCHI JERK PLACE,2
TAIWANESE HOTPOT #18,1
TIPSY SCOOP BROOKLYN,1
GOLDEN KRUST BAKERY,5
MEXICAN CANTINA,2
TRIPLE RED,2
DUNKIN' & BASKIN ROBBINS,1
PRESTO PIZZA,3
CHINA GOURMET,3
LOMA 3 RESTAURANT AND COFFEE SHOP,4
STEVE BREAKFAST AND COFFEE,3
CHIN GU NAE,3
STARBUCKS,1
CASABLANCA RESTAURANT,3
PROVA PIZZABAR,3
ANTIQUE CAFE,2
I LOVE PHO II,2
SUKI ICHIRO SUSHI,8
BAY PARKWAY SEAFOOD PALACE,5
PROPER FOOD,2
DUNKIN',3
DUNKIN',2
SHANGHAI IMPRESSION,1
EL TORO BAR,2
TACO BELL,1
XING WONG BBQ,7
TAKSIM,2
CJ's CAFE,3
VIA MARGHERITA,2
Bernadette's,3
WORLD CAFE,4
NEW BROOKLYN GYRO GUYS,5
PARIS BAGUETTE,2
TURKISH EXPRESS,1
BAGEL BOSS,2
AVE COFFEE HOUSE,3
DOMINO'S,2
